{"cameraMode":{"drawMode":0,"name":"Shaded","section":"Shading Mode"},"sceneLighting":true,"audioPlay":false,"sceneViewState":{"m_AlwaysRefresh":false,"showFog":true,"showSkybox":true,"showFlares":true,"showImageEffects":true,"showParticleSystems":true,"showVisualEffectGraphs":true,"m_FxEnabled":true},"in2DMode":false,"pivot":{"x":6.9550676345825199,"y":1.6902260780334473,"z":-4.451210021972656},"rotation":{"x":0.0002337805781280622,"y":1.0000345706939698,"z":-0.007498885504901409,"w":0.007875034585595131},"size":2.693362236022949,"orthographic":false}