{"cameraMode":{"drawMode":0,"name":"Shaded","section":"Shading Mode"},"sceneLighting":true,"audioPlay":false,"sceneViewState":{"m_AlwaysRefresh":false,"showFog":true,"showSkybox":true,"showFlares":true,"showImageEffects":true,"showParticleSystems":true,"showVisualEffectGraphs":true,"m_FxEnabled":true},"in2DMode":false,"pivot":{"x":18.704124450683595,"y":0.01860034465789795,"z":9.377592086791993},"rotation":{"x":-0.16100338101387025,"y":-0.825644850730896,"z":0.2926039695739746,"w":-0.45481938123703005},"size":1.4926655292510987,"orthographic":false}