{"cameraMode":{"drawMode":0,"name":"Shaded","section":"Shading Mode"},"sceneLighting":true,"audioPlay":false,"sceneViewState":{"m_AlwaysRefresh":false,"showFog":true,"showSkybox":true,"showFlares":true,"showImageEffects":true,"showParticleSystems":true,"showVisualEffectGraphs":true,"m_FxEnabled":true},"in2DMode":false,"pivot":{"x":28.824586868286134,"y":1.1383391618728638,"z":8.953317642211914},"rotation":{"x":-0.17195340991020204,"y":0.16909347474575044,"z":-0.030428722500801088,"w":-0.970146894454956},"size":2.693362236022949,"orthographic":false}